iid,n,spread,b5,a5,b10,a10,b20,a20,snap,sym,cat,vol24,newcomer_raw,inc1,inc2,inc3,usd_day_inc1,usd_day_inc2,usd_day_inc3
1,5575,0.2586987453120264,2186823.5552339996,2429227.434173,2872618.5650360007,3215658.2232470005,2922766.1121920003,3466280.517423,129807.69230769231,SP500-USD,index,1962892.5790770003,1034.5501057293047,2106.9065776270254,2685.3801692833813,3094.8365564028677,368.6437832163149,311.31725353607743,280.4480595587266
2,5575,0.2254511841831651,2249074.4913230003,1954585.4747819998,2607337.4826040007,2541642.987846999,2609332.82992,2541699.97288,125100.56260645874,GOLD-USD,commodity,779903.499917,1034.5501057293047,2056.9253039750447,2621.676005783297,3021.4190283186645,374.60381309434587,316.74148185642457,285.5244796714861
3,3436,5.560370909447935,927218.802718,876544.791633,1395969.111159,1381497.229329,1547481.642307,1533970.1710259998,132479.60226660923,WTIOIL-USD,commodity,493724.9665910001,1034.5501057293047,2134.9949894752785,2721.1805531090927,3136.0956443578634,365.3768732663842,308.3497145455139,277.6736615758963
4,5575,1.0128804632239985,2272487.4510099995,2911950.71964,2928483.6483400003,3648458.32404,3796227.4265199997,4451523.8685,135000.0,NAS100-USD,index,614742.3522699998,1034.5501057293047,2161.3094358965322,2754.7199104473248,3174.7489532472036,362.36838993665623,305.6204682217803,275.1238294872404
5,5575,1.3596911990210738,1922806.616782,1968532.076947,2289768.216601,2285231.5645729997,2289768.216601,2285231.5645729997,125000.0,SILVER-USD,commodity,264128.871828,1034.5501057293047,2055.8503985672232,2620.3059736723953,3019.8400990077366,374.734108071947,316.8602132076927,285.6356734508649
6,5575,0.12543667642982131,909896.2785200002,887635.76343,970101.43675,936509.7118999999,970101.43675,936509.7118999999,111111.11111111111,BTC-USD,crypto,1588982.3538799954,1034.5501057293047,1904.330700312256,2427.1849320133188,2797.2727074802247,394.0542515987555,334.5370064249142,302.226520644531
7,5575,0.4033315183411339,720138.17204,940571.06222,1339578.79072,1353343.0431800003,1614158.07671,1818056.82654,134031.548075753,ETH-USD,crypto,919313.8993999984,1034.5501057293047,2151.218737143329,2741.858703114352,3159.9267187387168,363.51616632624416,306.66131109816484,276.0960484528441
8,5574,0.9693209906465483,389813.71634000004,411413.23962,737987.80081,698045.51127,830224.6590000001,848783.3610999999,134533.0335257469,SOL-USD,crypto,970444.4258999996,1034.5501057293047,2156.4470943740253,2748.5225613861576,3167.6066563587865,362.9205555320305,306.1211291628909,275.5914503263782
9,3436,3.334556003868843,1082126.265972,1585307.249134,2025480.642846,2217614.0379089997,2158838.987503,2377658.874756999,135000.0,SPCX-USD,equity,320119.5790989999,1034.5501057293047,2161.3094358965322,2754.7199104473248,3174.7489532472036,362.36838993665623,305.6204682217803,275.1238294872404
10,5574,1.1722917130704802,339951.6442299999,323147.67715199996,591554.3893660001,580088.6794609999,668160.992226,671498.79237,129649.437713553,HYPE-USD,crypto,1122794.3027619992,1034.5501057293047,2105.2366131584477,2683.25169832271,3092.383544418317,368.8398545022497,311.4954851279243,280.61475534534696
11,3436,3.935071323168627,1295718.94338,925826.59578,1912081.3148700001,1927399.9085899997,1962599.8508900001,2159642.22997,132479.54594997322,MU-USD,equity,57544.71203999997,1034.5501057293047,2134.994399548734,2721.1798012119457,3136.0947778143463,365.3769412715868,308.34977627712834,277.6737192687275
13,3436,3.976933784053723,1344040.157823,1589286.211239,1791793.755263,1970900.7408155,1912427.266008,2081189.326924,134009.1869881468,SKHY-USD,equity,203713.14953299993,1034.5501057293047,2150.985446941756,2741.5613606086877,3159.5840385972497,363.5427881480116,306.68545854281655,276.118606775894
14,3436,3.9100684261974585,1177179.5998900002,1218412.51291,1654804.4669600003,1656016.1079699998,1786009.0614300002,1773882.8702399998,134544.7087713066,SKHYNIX-USD,equity,589829.1963099999,1034.5501057293047,2156.5687361234804,2748.677601170651,3167.7853360102704,362.90672142133894,306.10858406712316,275.57973241737767
15,3436,4.353098473305754,1501107.909996,875642.0045480002,2067858.44029,1613438.891409,2216193.7742850003,2200805.0095099993,135000.0,AAPL-USD,equity,1797.037265,1034.5501057293047,2161.3094358965322,2754.7199104473248,3174.7489532472036,362.36838993665623,305.6204682217803,275.1238294872404
16,3436,4.180227523813092,981611.693441,1341999.7289649998,1595720.9721980002,2150230.397695,2130228.9589309995,2201227.449306,132504.56228214406,MSFT-USD,equity,150971.930882,1034.5501057293047,2135.2564413343707,2721.5137893546307,3136.479691177903,365.34673626547686,308.3223579019481,277.6480948233365
17,3436,2.9435139669727692,1546099.397754,1659850.8900410002,2181975.738919,2306528.9598640003,2384024.8488100003,2397293.9363330007,134535.37583241443,GOOG-USD,equity,238386.03800099995,1034.5501057293047,2156.4714986350114,2748.553666096349,3167.6425037949443,362.9177799920774,306.1186122324601,275.5890993520562
18,3436,3.4616050308672026,1395920.5562530002,1192231.853934,2012268.650574,2091154.73477,2184383.133798001,2142873.3531770003,132541.97656198885,AMZN-USD,equity,244613.28650699987,1034.5501057293047,2135.648317182431,2722.0132588813663,3137.055317887235,365.30157487713115,308.2813636188132,277.6097830361597
19,5574,0.8646405257006533,975417.522387,987426.972355,1496208.6072180003,1891796.7695860001,1576640.937181,2003503.7644959996,134068.8541356986,NVDA-USD,equity,167203.52767700006,1034.5501057293047,2151.607915900292,2742.3547350349663,3160.498383689035,363.4717640182649,306.62103637440674,276.0584244696601
20,3436,4.548925316393559,872824.1201210001,782133.1684180001,1529738.4067780003,1671492.506099,1863001.7821840004,1823881.2255480008,135000.0,META-USD,equity,49435.67999299999,1034.5501057293047,2161.3094358965322,2754.7199104473248,3174.7489532472036,362.36838993665623,305.6204682217803,275.1238294872404
21,5574,3.6421197136732304,443231.4986909999,1270128.757707,1466605.2894680002,1931865.8289690001,1537668.12593,1982862.6127319997,131625.07689537754,TSLA-USD,equity,108300.33134199999,1034.5501057293047,2126.0335548416588,2709.7586613607855,3122.9321867103117,366.41285311,309.2903252908444,278.5528344086085
22,3436,3.7777031564810026,1148957.807863,1102298.5644329998,1682714.731095,1718762.0489199997,1688011.8446860001,1748923.3183839996,126752.4461984459,AMD-USD,equity,23473.478981,1034.5501057293047,2074.539112282581,2644.1258723492315,3047.2919637522946,372.4815839486236,314.808502696002,283.71467020274315
23,3436,2.075765438505036,360698.832005,630555.718062,929226.177801,1082992.223007,1019891.726838,1134168.988729,132062.6029241271,INTC-USD,equity,50605.26186199999,1034.5501057293047,2130.6244396970405,2715.610022442011,3129.67574070912,365.88139451458363,308.8077407316915,278.101745502861
24,3436,2.497259950886527,772566.8684340001,809482.59593,1077215.7605500002,1214907.860242,1088857.677964,1223923.096089,126033.38596250338,AVGO-USD,equity,259214.35531300007,1034.5501057293047,2066.881807220331,2634.3661728055154,3036.044142951018,373.4012253266772,315.64592611122015,284.4986274272119
25,3436,2.364904812580823,805933.717516,238568.318707,856922.058376,742856.293312,862053.397404,946323.4585400001,123075.81624695916,QCOM-USD,equity,549087.7019379993,1034.5501057293047,2035.2242611912495,2594.016711079301,2989.542351282991,377.2519860227974,319.155891300689,287.78624967838704
26,3436,4.357730018816885,804595.13409,599706.700438,1216568.4467079998,1043579.979229,1252088.8706699999,1199788.942861,131697.14432158883,ARM-USD,equity,4337.550284,1034.5501057293047,2126.790112864989,2710.7229404296045,3124.0434953238528,366.32516479912437,309.2106936636732,278.478396222553
27,3436,2.3358482632973474,1019134.034671,1589934.754098,1829025.936386,1995402.7244939997,1834327.4249319998,2005806.2830819995,125785.02635453662,TSM-USD,equity,37297.151773,1034.5501057293047,2064.23346419899,2630.9906990628783,3032.1539900209473,373.72034878494344,315.9365938713951,284.7707748820128
28,3436,4.06988575249307,671628.045704,875223.8182670001,1131129.814896,1232115.0988930003,1285973.017309,1286989.6522940001,130084.41484574557,ASML-USD,equity,283317.60830400017,1034.5501057293047,2109.824950935478,2689.099812998154,3099.1233570119393,368.30163568051603,311.0062712228391,280.15722262558086
29,3436,1.6994759949026024,1157357.919475,1234561.0391769998,1468295.518653,1436730.871344,1565596.9391149997,1577404.495272,134862.13374106298,SNDK-USD,equity,194140.84877000007,1034.5501057293047,2159.874501082197,2752.8909990302036,3172.6411764873724,362.53116573584896,305.76804880407224,275.2616648208323
30,3436,4.509206296188221,1256660.0807900003,1010299.4896099999,1638739.939505,1553562.6169699999,1729200.2741729997,1617435.1969140002,131500.6727196739,DRAM-USD,index,20699.098356,1034.5501057293047,2124.727228609089,2708.0936693783174,3121.013323186852,366.56436077182065,309.42791944695654,278.6814583322824
31,3436,2.555257442187639,80929.028412,41160.021936,164169.063034,129874.16569600001,188730.924576,180219.038636,75283.79956608302,PUMP-USD,crypto,2016160.4930589455,1034.5501057293047,1478.6180189363981,1884.5883097811402,2171.9430498500406,460.8042196606724,396.7192752523697,361.16667660667883
32,3436,6.869479898776056,15500.8964,85031.25619999999,103158.7842,153298.9015,264649.44856000005,265775.47026,65235.76093992129,ZEC-USD,crypto,1748352.0453559987,1034.5501057293047,1347.1492887898926,1717.0234426127433,1978.828539504961,486.24040432123485,420.8786195304324,384.31229954927335
33,3436,3.539196602370872,327924.4409,326500.28660000005,475638.2494,493070.10319999995,564561.1579999999,583368.9311,133690.53802914592,XRP-USD,crypto,316493.443,1034.5501057293047,2147.6595435208897,2737.322295058185,3154.698616718907,363.9227468358428,307.03013079680835,276.44061102341743
34,3436,4.614093959731967,36156.331563,43676.96616,54269.012915,79310.3860125,96689.980659,108907.44504899999,40680.2809512803,LIT-USD,crypto,1577630.2999639967,1034.5501057293047,991.0591222499044,1263.1649365653154,1455.767442973215,571.7186022686016,504.0130979018773,465.0324522533381
35,3436,8.29531314807124,39978.285,136.118561,194160.575456,177874.528876,247181.88581100001,243711.86226800003,44636.50500851938,KPEPE-USD,crypto,628818.5252929996,1034.5501057293047,1052.6854460003158,1341.7114224240197,1546.2903933521065,554.838420418335,487.3531228957941,448.72144441891896
36,3436,5.5988802239558,525830.81423,669279.8472300001,956965.8450899998,948148.58459,962003.3263199999,962952.0378900003,125999.44930237636,HOOD-USD,equity,205123.00180000014,1034.5501057293047,2066.5200368778637,2633.905074570875,3035.512738240064,373.4447862533742,315.6856005169708,284.53577277770654
37,3436,4.863306353561898,741509.9947,810911.13485,1143817.5630499998,1118746.3157499998,1194402.3809999998,1219501.5146199998,132045.17823794566,MSTR-USD,equity,246928.17843999979,1034.5501057293047,2130.4417073629334,2715.3771190036205,3129.4073250547967,365.90251885397356,308.8269204064712,278.1196724061083
38,3436,5.128994204237716,669099.918604,674384.157034,870224.5873240001,887924.110366,870246.780844,887946.3717159999,125002.22274349991,STRC-USD,equity,55722.34840899999,1034.5501057293047,2055.8741605594532,2620.336259772118,3019.875003014866,374.7312267753362,316.85758755560516,285.6332144512989
39,3436,4.91569581674258,671995.64512,845084.3015299999,1224511.41724,1215500.82098,1229478.95051,1230742.9436699997,126007.11428331456,CRCL-USD,equity,290163.02962000004,1034.5501057293047,2066.601749808362,2634.0092226548304,3035.6327664212477,373.4349462747837,315.67663840201413,284.5273819234475
40,3436,4.306864064602104,817070.6858500001,1016013.2329139999,1199171.676078,1199877.487139,1204183.119252,1205061.056088,125508.77660378511,COIN-USD,equity,67139.37393399997,1034.5501057293047,2061.2855681248693,2627.2334267933747,3027.8238234005835,374.0762102921631,316.26076917900986,285.0743178166027
41,3436,5.692964572834085,739821.9874089999,719973.0391990001,946483.826104,952858.0450640001,954511.8770580001,1003037.6265300001,128734.49223383752,RKLB-USD,equity,99855.11848100001,1034.5501057293047,2095.5677241471785,2670.9281130790264,3078.180906536964,369.9791955142957,312.5314488921996,281.583812096797
42,3436,6.156933391102973,491775.83398199984,441847.44041900005,618330.1771159999,593780.57759,639301.2833559999,626825.5070809999,127796.95502047963,LITE-USD,equity,16700.898173999998,1034.5501057293047,2085.635108895459,2658.2683927528733,3063.590880995191,371.1569656617087,313.60286920103107,282.5862946916981
43,3436,5.808628046736912,394255.611731,207063.58400600002,593761.112598,468309.315173,627214.973598,628631.764822,131588.3128170908,NBIS-USD,equity,39784.19532300001,1034.5501057293047,2125.647552672092,2709.266678193396,3122.3651878514584,366.4576085878359,309.33096981023783,278.5908287212383
44,3436,4.374316513044411,588228.4902810002,367815.673028,697574.322359,725087.6168869999,714229.2484060002,730099.8015909999,126333.36564875569,ORCL-USD,equity,36354.617858000005,1034.5501057293047,2070.0781584964407,2638.4401162931263,3040.7392655926446,373.01679235065023,315.2958234462684,284.17085783211394
45,3436,4.54261541082349,689077.0529780001,642277.1056059999,903787.488004,858056.8984619998,925553.8080740001,908005.5482879999,126333.41134942508,PLTR-USD,equity,8143.4117559999995,1034.5501057293047,2070.0786452448797,2638.440736683522,3040.7399805777695,373.0167338685077,315.2957701908945,284.1708079760467
46,3436,4.766098533905845,193061.803064,232042.30888,407925.065508,373833.02763,483904.4765270001,509910.1087390001,133787.04262210955,BRENTOIL-USD,commodity,360806.65536900016,1034.5501057293047,2148.667104309532,2738.6064923690196,3156.178623471272,363.80755699311055,306.9256328100264,276.34298266391716
47,3436,4.3973440042212,465274.647536,610300.519992,624854.126497,615304.9733119999,624854.126497,625329.4250149999,112488.40191446882,BABA-USD,equity,7229.499575999999,1034.5501057293047,1919.6410814304231,2446.698940975787,2819.762137092396,392.0120273854298,332.6617719748446,300.4630667168879
48,3436,13.927576601671364,0.0,0.0,12002.764745999999,12009.560808,12024.967696,12031.830118,3003.9130252867126,ZM-USD,equity,1623389.1351880005,1034.5501057293047,182.17835662664632,232.1973605060506,267.60191641176425,951.7969805031663,914.2141645677383,889.3573537277769
49,3436,34.13034724752119,0.0,0.0,0.0,0.0,211517.681664,166298.040666,10000.0,DELL-USD,equity,670.948522,1034.5501057293047,398.1071705534973,507.41172504096204,584.779903332374,808.3429971244941,751.0422459576394,715.1590287848143
50,3384,5.715918833951928,10.074240000000001,172.03268,10.074240000000001,172.03268,10.074240000000001,193.47529,19.046828319649578,CXMT-USD,equity,17526.73485400001,1034.5501057293047,6.790233888140007,8.654564764112239,9.974179342688155,1112.1037306478454,1110.1162689531523,1108.7137878109127
51,3436,4.9007596177409365,46002.62509,31051.950255999996,46002.62509,31051.950255999996,51084.712106,36091.560779,37599.16173912888,KIOXIA-USD,equity,4428.636664,1034.5501057293047,941.5986033975237,1200.1245066292888,1383.114851981068,586.0280004303712,518.2313658364595,479.0070157857614
52,3436,5.024115755626723,551057.356834,569131.226397,656392.1162169998,619690.625834,706900.9365409999,718139.579714,126234.25992740925,SAMSUNG-USD,equity,22595.350494,1034.5501057293047,2069.022458794802,2637.094563019145,3039.1885475570616,373.1436763555201,315.4113703920614,284.2790309163327
53,3436,5.257711776714718,353433.642254,335727.237143,383412.31711899996,404603.407757,383423.46599399997,404642.43462300004,111548.95616740805,CRWV-USD,equity,17512.469920999996,1034.5501057293047,1909.2050829730988,2433.397628235317,2804.432691605227,393.40176146683285,333.9376961251714,301.66284604524077
54,3436,5.1976981622440395,41532.694601999996,19548.825966,134497.639907,118603.016457,167177.10262399996,157315.966365,52787.096898491734,AAVE-USD,crypto,1266315.5187933098,1034.5501057293047,1173.9323097002398,1496.247901081888,1724.3899968714743,524.3774949131351,457.59419497166203,419.75484551874285
55,3436,5.668130933825205,20948.780821999997,7940.442654,102868.072544,89575.470727,141565.4943445,138311.78511,36975.53363003367,UNI-USD,crypto,785283.6169588275,1034.5501057293047,931.4174985908743,1187.1480713001226,1368.1598199569733,589.0628482472436,521.2582377463576,481.9884681801015
56,3436,23.45079745319262,0.0,0.0,0.0,0.0,98931.65265399999,94942.61663599999,9907.19355428642,WLD-USD,crypto,1595124.346035003,1034.5501057293047,395.70170453981547,504.3458127695685,581.2465126099851,809.7025071024013,752.5385327503567,716.7229238002266
57,3436,6.851035648222417,25992.992084,17542.252197,59493.774258,59570.924992,83652.694661,83798.628831,30616.236064380584,NEAR-USD,crypto,1622855.278223001,1034.5501057293047,823.8889318813592,1050.0963938601021,1210.2110325527308,623.1457976967376,555.5275087602384,515.9027643577958
58,3436,7.3099415204672225,19918.477598,382205.6985,431582.058381,494992.61227499996,484682.63052400004,518202.64328799996,63370.49419695029,KSHIB-USD,crypto,1517572.7130879993,1034.5501057293047,1321.9852547078901,1684.950355547303,1941.8650721113277,491.43267527621686,425.8423534221505,389.0849923036719
59,3436,6.423170126419608,3463.9932015,12782.414378999998,44156.097655,44227.04158799999,73122.896375,79443.66225400001,20063.35324700568,FARTCOIN-USD,crypto,839886.1676640006,1034.5501057293047,625.982637735686,797.8528234433624,919.5063376373619,697.4138156084307,631.9999046746389,592.6535441153316
60,3435,5.006536311295677,226214.43401699996,128403.172554,241922.03108,231343.875631,271873.233303,272194.14865000005,117755.45740752752,DOGE-USD,crypto,1253787.692897999,1034.5501057293047,1977.596471126553,2520.5665988234186,2904.892849852413,384.46949609320853,325.74977780043224,293.97010938356055
61,3434,6.434441812172735,12378.601994999999,12394.710803999998,62328.869628,62417.238644,101975.699747,100996.252289,28711.88593879058,ENA-USD,crypto,304531.4077890001,1034.5501057293047,790.2056271664129,1007.1649798724343,1160.7336025236873,634.6484933218386,567.2086593910545,527.5302104274504
62,3434,0.26955267733223714,56259.171196,45100.821588000006,106243.68619600001,82627.80225,154382.66527599999,153428.86813699998,50636.27561612954,ONDO-USD,crypto,1486231.7966480064,1034.5501057293047,1142.6155780839272,1456.3328279874115,1678.388827734501,531.9202324254529,464.9268983647711,426.8722978898946
63,3434,1.5024414673846123,70464.52000250001,13430.466906,97719.570302,23458.070815,109822.435856,109965.37524,32203.09061011559,SUI-USD,crypto,1607576.2073690004,1034.5501057293047,851.3995378607189,1085.1603290750877,1250.621381059787,614.0558845241379,546.3380552115472,506.7796807625487
64,3434,4.6336518969007345,169695.01956400002,172611.295984,176677.24097600003,176784.87335100005,176705.002413,176811.950992,102048.92754938999,VVV-USD,crypto,935002.7034760003,1034.5501057293047,1801.8784416395465,2296.6033169291545,2646.7805125280124,408.2875550088931,347.6508973394684,314.58149149094095
65,3434,5.937486746681995,33128.634057,31634.063301000002,103122.373599,103259.790807,142131.31222500003,142471.83674799997,52566.47485288584,TAO-USD,crypto,1384916.7435709983,1034.5501057293047,1170.740803666719,1492.1801331497106,1719.7019914101002,525.1363761708085,458.3308731352487,420.46930916942824
66,3434,6.83636032176394,38833.320957,45895.143572,396652.67396499997,454789.076812,470894.34050100006,471589.99019399995,68510.77194799019,ADA-USD,crypto,1229114.3216859996,1034.5501057293047,1390.7313979198063,1772.5714829652627,2042.8463303138492,477.5027042511124,412.5501657023738,376.3176115364862
67,3434,5.648653737525268,8512.809344000001,7987.276244999999,35060.92367399999,32544.348246999998,90475.07318400001,86665.838596,18413.388733417698,ZRO-USD,crypto,776291.810887999,1034.5501057293047,592.0207369509889,754.5663218742643,869.6196776451625,711.9754308729348,647.2907289291632,608.1802613789881
68,3434,4.967580004183166,536897.8429,453679.125415,608788.606927,613824.4532454999,608899.950366,684584.3967909999,124634.93201267849,BNB-USD,crypto,906735.7501990001,1034.5501057293047,2051.945670404648,2615.3291608959917,3014.1044410584577,375.20818447813565,317.29226967921653,286.0403285040667
