id,symbol,cat,maxlev,liqfee,min_notional,pdec,qdec,bounds,iso_only,live,mark,index,basis_bps,OI_base,OI_usd,fund_1h,fund_ann_pct,vol24_usd,trades24
31,PUMP-USD,crypto,10,0.005,10,6,0,0.10,False,08-01,0.003954,0.003957,-7.581501137223778,42674343.0,168734.35222200002,1.25e-05,10.950000000000001,2016160.4930589455,1505
1,SP500-USD,index,20,0.005,10,1,5,0.05,False,08-01,7730.2,7730.2,0.0,1069.11336,8264460.095472001,6.25e-06,5.4750000000000005,1962892.5790770003,524
32,ZEC-USD,crypto,10,0.005,10,2,4,0.10,False,08-01,1019.1,1019.9,-7.843906265320166,312.5787,318548.95317000005,1.02e-05,8.9352,1748352.0453559987,801
48,ZM-USD,equity,10,0.005,10,2,4,0.10,False,08-17,100.43,100.57,-13.920652281991241,486.8925,48898.613775000005,-1.338e-05,-11.720880000000001,1623389.1351880005,142
57,NEAR-USD,crypto,10,0.005,10,4,2,0.10,False,08-26,2.1835,2.1862,-12.350196688317716,40065.89,87483.870815,-4.184e-05,-36.65184,1622855.278223001,1318
63,SUI-USD,crypto,10,0.005,10,5,1,0.10,False,08-26,0.79889,0.79897,-1.0012891597932505,94086.7,75164.923763,1.25e-05,10.950000000000001,1607576.2073690004,2580
56,WLD-USD,crypto,10,0.005,10,5,1,0.10,False,08-26,0.39657,0.39678,-5.292605474067624,71382.7,28308.237338999996,1.25e-05,10.950000000000001,1595124.346035003,1976
6,BTC-USD,crypto,20,0.005,10,1,5,0.05,False,08-01,79728.0,79746.0,-2.2571665036486,127.07162,10131166.11936,1.25e-05,10.950000000000001,1588982.3538799954,2070
34,LIT-USD,crypto,10,0.005,10,4,2,0.10,False,08-01,4.7358,4.7424,-13.917004048582537,22267.38,105453.858204,-9.655e-05,-84.5778,1577630.2999639967,2039
58,KSHIB-USD,crypto,10,0.005,10,6,0,0.10,False,08-26,0.00548,0.005485,-9.115770282590585,18156974.0,99500.21751999999,3.49e-06,3.05724,1517572.7130879993,1272
62,ONDO-USD,crypto,10,0.005,10,5,1,0.10,False,08-26,0.37044,0.37052,-2.1591277124044517,123302.8,45676.289232,1.25e-05,10.950000000000001,1486231.7966480064,595
65,TAO-USD,crypto,5,0.005,10,2,4,0.20,False,08-26,235.71,235.83,-5.08841114362113,132.4113,31210.667523000004,1.25e-05,10.950000000000001,1384916.7435709983,1312
54,AAVE-USD,crypto,10,0.005,10,2,4,0.10,False,08-26,135.24,135.22,1.4790711433221304,126.845,17154.5178,1.25e-05,10.950000000000001,1266315.5187933098,1000
60,DOGE-USD,crypto,10,0.005,10,6,0,0.10,False,08-26,0.089904,0.090011,-11.887435980046934,1211573.0,108925.258992,-4.232e-05,-37.072320000000005,1253787.692897999,1032
66,ADA-USD,crypto,10,0.005,10,5,1,0.10,False,08-26,0.21952,0.21942,4.557469692825222,483821.5,106208.49567999999,1.25e-05,10.950000000000001,1229114.3216859996,1086
10,HYPE-USD,crypto,20,0.005,10,3,3,0.05,False,08-01,85.317,85.37,-6.2082698840359996,2827.66,241247.46821999998,2.58e-06,2.26008,1122794.3027619992,564
8,SOL-USD,crypto,20,0.005,10,3,3,0.05,False,08-01,103.32,103.35,-2.902757619739349,5552.523,573686.6763599999,1.25e-05,10.950000000000001,970444.4258999996,1456
64,VVV-USD,crypto,3,0.005,10,3,3,0.3333333333333333333333333333,False,08-26,17.282,17.276,3.473026163463011,471.657,8151.1762739999995,1.25e-05,10.950000000000001,935002.7034760003,1169
7,ETH-USD,crypto,20,0.005,10,2,4,0.05,False,08-01,2481.0,2481.4,-1.6119932296287942,3777.8331,9372803.9211,1.25e-05,10.950000000000001,919313.8993999984,1073
68,BNB-USD,crypto,10,0.005,10,2,4,0.10,False,08-26,770.85,770.89,-0.5188807741696166,95.6358,73720.85643,1.25e-05,10.950000000000001,906735.7501990001,859
59,FARTCOIN-USD,crypto,10,0.005,10,5,1,0.10,False,08-26,0.1721,0.17224,-8.1281932187649,123242.8,21210.085880000002,1.25e-05,10.950000000000001,839886.1676640006,1465
55,UNI-USD,crypto,10,0.005,10,4,2,0.10,False,08-26,7.0932,7.0983,-7.184818900299872,4097.81,29066.585892000003,1.22e-06,1.06872,785283.6169588275,1561
2,GOLD-USD,commodity,20,0.005,10,1,5,0.05,False,08-01,4435.8,4432.4,7.670787835034609,733.69602,3254528.805516,1.422e-05,12.45672,779903.499917,603
67,ZRO-USD,crypto,5,0.005,10,4,2,0.20,False,08-26,1.064,1.0656,-15.015015015015232,64804.62,68952.11568,-0.00010705,-93.77579999999999,776291.810887999,957
35,KPEPE-USD,crypto,10,0.005,10,6,0,0.10,False,08-01,0.003624,0.003624,0.0,47526323.0,172235.394552,1.25e-05,10.950000000000001,628818.5252929996,155
4,NAS100-USD,index,20,0.005,10,1,5,0.05,False,08-01,29619.0,29604.0,5.0668828536681865,230.12956,6816207.43764,6.25e-06,5.4750000000000005,614742.3522699998,102
14,SKHYNIX-USD,equity,10,0.005,10,2,4,0.10,False,08-01,1278.4,1278.2,1.5647003598817655,129.40170246431612,165427.13643038174,6.25e-06,5.4750000000000005,589829.1963099999,294
25,QCOM-USD,equity,10,0.005,10,2,4,0.10,False,08-01,169.12,169.01,6.508490621857099,912.9782,154402.873184,6.71e-06,5.87796,549087.7019379993,842
3,WTIOIL-USD,commodity,20,0.005,10,3,3,0.05,False,08-01,91.787,91.868,-8.816998301910406,7720.605,708651.171135,-3.017e-05,-26.42892,493724.9665910001,281
46,BRENTOIL-USD,commodity,20,0.005,10,3,3,0.05,False,08-17,96.544,96.628,-8.69313242538472,2788.537,269216.516128,-7.57e-06,-6.6313200000000005,360806.65536900016,282
9,SPCX-USD,equity,10,0.005,10,2,4,0.10,False,08-01,149.79,149.76,2.0032051282048435,3619.6439,542186.4597809999,6.25e-06,5.4750000000000005,320119.5790989999,55
33,XRP-USD,crypto,20,0.005,10,6,0,0.05,False,08-01,1.4138,1.4138,0.0,66049.0,93380.0762,1.25e-05,10.950000000000001,316493.443,111
61,ENA-USD,crypto,10,0.005,10,5,1,0.10,False,08-26,0.1698,0.16982,-1.177717583322746,76194.7,12937.86006,-4.358e-05,-38.17608,304531.4077890001,686
39,CRCL-USD,equity,10,0.005,10,3,3,0.10,False,08-01,101.69,101.75,-5.896805896805635,2000.814,203462.77566,6.25e-06,5.4750000000000005,290163.02962000004,124
28,ASML-USD,equity,10,0.005,10,1,5,0.10,False,08-01,1719.8,1718.0,10.477299185098765,74.19709,127604.155382,1.457e-05,12.76332,283317.60830400017,252
5,SILVER-USD,commodity,20,0.005,10,3,3,0.05,False,08-01,66.187,66.177,1.511099022317719,41252.089,2730352.014643,6.25e-06,5.4750000000000005,264128.871828,143
24,AVGO-USD,equity,10,0.005,10,2,4,0.10,False,08-01,360.38,360.23,4.164006329288039,1257.1775,453061.62744999997,6.25e-06,5.4750000000000005,259214.35531300007,470
37,MSTR-USD,equity,10,0.005,10,3,3,0.10,False,08-01,143.99,143.99,0.0,1699.055,244646.92945000003,6.25e-06,5.4750000000000005,246928.17843999979,127
18,AMZN-USD,equity,10,0.005,10,2,4,0.10,False,08-01,260.1,260.1,0.0,1069.0219,278052.59619,6.25e-06,5.4750000000000005,244613.28650699987,205
17,GOOG-USD,equity,10,0.005,10,2,4,0.10,False,08-01,339.84,339.89,-1.4710641678195024,2680.3988,910906.728192,6.25e-06,5.4750000000000005,238386.03800099995,145
36,HOOD-USD,equity,10,0.005,10,3,3,0.10,False,08-01,124.94,124.95,-0.8003201280515349,1191.091,148814.90954,6.25e-06,5.4750000000000005,205123.00180000014,541
13,SKHY-USD,equity,10,0.005,10,2,4,0.10,False,08-01,176.04,176.04,0.0,1904.188,335213.25552,6.25e-06,5.4750000000000005,203713.14953299993,144
29,SNDK-USD,equity,10,0.005,10,1,5,0.10,False,08-01,1764.0,1763.5,2.835270768357656,133.66252,235780.68528,6.25e-06,5.4750000000000005,194140.84877000007,224
19,NVDA-USD,equity,10,0.005,10,2,4,0.10,False,08-01,231.3,231.05,10.8201687946341,3329.6148,770139.90324,3.299e-05,28.899240000000002,167203.52767700006,335
16,MSFT-USD,equity,10,0.005,10,2,4,0.10,False,08-01,502.46,502.04,8.365867261572735,796.0874,400002.075004,1.597e-05,13.989720000000002,150971.930882,126
21,TSLA-USD,equity,10,0.005,10,2,4,0.10,False,08-01,357.27,356.74,14.856758423500427,1320.5087,471778.143249,4.711e-05,41.26836,108300.33134199999,45
41,RKLB-USD,equity,10,0.005,10,3,3,0.10,False,08-17,64.992,64.97,3.386178236108872,3784.795,245981.39664000002,6.25e-06,5.4750000000000005,99855.11848100001,97
40,COIN-USD,equity,10,0.005,10,2,4,0.10,False,08-01,185.8,185.8,0.0,1030.1329,191398.69282000003,6.25e-06,5.4750000000000005,67139.37393399997,59
11,MU-USD,equity,10,0.005,10,2,4,0.10,False,08-01,1016.4,1016.0,3.937007874015297,383.5313,389821.21332,6.25e-06,5.4750000000000005,57544.71203999997,86
38,STRC-USD,equity,10,0.005,10,3,3,0.10,False,08-01,97.485,97.473,1.2311101535811275,527.177,51391.849845000004,6.25e-06,5.4750000000000005,55722.34840899999,52
23,INTC-USD,equity,10,0.005,10,2,4,0.10,False,08-01,96.31,96.26,5.194265530854558,3311.8729,318966.478999,6.25e-06,5.4750000000000005,50605.26186199999,34
20,META-USD,equity,10,0.005,10,2,4,0.10,False,08-01,615.52,615.63,-1.786787518477384,568.506,349926.81311999995,6.25e-06,5.4750000000000005,49435.67999299999,130
43,NBIS-USD,equity,10,0.005,10,2,4,0.10,False,08-17,223.8,223.72,3.5758984444855813,472.2285,105684.73830000001,6.25e-06,5.4750000000000005,39784.19532300001,135
27,TSM-USD,equity,10,0.005,10,2,4,0.10,False,08-01,427.98,427.68,7.014590347924621,656.8948,281137.836504,6.25e-06,5.4750000000000005,37297.151773,62
44,ORCL-USD,equity,10,0.005,10,2,4,0.10,False,08-17,160.03,160.08,-3.123438280859814,579.2705,92700.658115,6.25e-06,5.4750000000000005,36354.617858000005,46
22,AMD-USD,equity,10,0.005,10,2,4,0.10,False,08-01,476.52,476.47,1.0493840115843867,897.3042,427583.397384,6.25e-06,5.4750000000000005,23473.478981,16
52,SAMSUNG-USD,equity,10,0.005,10,2,4,0.10,False,08-17,198.96,198.71,12.581148407226905,139.4226,27739.520495999997,2.625e-05,22.995,22595.350494,21
30,DRAM-USD,index,10,0.005,10,3,3,0.10,False,08-01,59.88,59.831,8.18973441861326,2593.382,155291.71416,6.25e-06,5.4750000000000005,20699.098356,23
50,CXMT-USD,equity,10,0.005,10,4,2,0.10,False,08-17,8.3759,8.3764,-0.5969151425444519,730.46,6118.259914,6.25e-06,5.4750000000000005,17526.73485400001,546
53,CRWV-USD,equity,10,0.005,10,3,3,0.10,False,08-17,89.388,89.383,0.5593904881262546,377.746,33765.959448,6.25e-06,5.4750000000000005,17512.469920999996,30
42,LITE-USD,equity,10,0.005,10,2,4,0.10,False,08-17,876.68,876.1,6.6202488300404205,50.5489,44315.209652,6.25e-06,5.4750000000000005,16700.898173999998,46
45,PLTR-USD,equity,10,0.005,10,2,4,0.10,False,08-17,176.07,176.04,1.7041581458765442,470.5121,82843.06544699999,6.25e-06,5.4750000000000005,8143.4117559999995,20
47,BABA-USD,equity,10,0.005,10,2,4,0.10,False,08-17,113.68,113.6,7.042253521127861,177.3366,20159.624688,6.25e-06,5.4750000000000005,7229.499575999999,14
51,KIOXIA-USD,equity,10,0.005,10,2,4,0.10,False,08-17,366.94,366.78,4.362288020067773,58.7238,21548.111171999997,6.25e-06,5.4750000000000005,4428.636664,12
26,ARM-USD,equity,10,0.005,10,2,4,0.10,False,08-01,252.24,252.33,-3.566757817143884,1057.1597,266657.962728,6.25e-06,5.4750000000000005,4337.550284,11
15,AAPL-USD,equity,10,0.005,10,2,4,0.10,False,08-01,321.68,321.48,6.221226825928738,868.1678,279272.217904,6.25e-06,5.4750000000000005,1797.037265,31
49,DELL-USD,equity,10,0.005,10,2,4,0.10,False,08-17,521.46,521.75,-5.558217537133814,3.6535,1905.1541100000002,6.25e-06,5.4750000000000005,670.948522,6
